Name,sex
সবুজ হোসাইন,0
চঞ্চলা,1
গানেম,0
জালাল,0
আকবার,0
আসমা সাহানা,1
সাগরিকা,1
আতিয়া আফিফা,1
সাহা,1
আরিফ জামাল,0
আজরা আনতারা কুমারী বীরাঙ্গনা,1
শহীদুল জহির,0
শূভ্রা,1
মেহেদি হাসান,0
রাগীব নাদিম,0
আনতারা খালিদা,1
মাকিল,0
চান্দী,1
রফিকুল ইসলাম,0
মতি নন্দী,0
জাদওয়াহ,1
মুকুন্দ দাস,0
আবেদ চৌধুরী,0
শিহাব,0
রাকিবুল হাসান,0
আসমা হোমায়রা,1
ফাজেলা,1
শান্তা,1
ঊষা,1
ইয়ানা,1
তাবিয়া,1
আনিসা গওহর,1
মামদুহ,0
আনতারা সামিহা,1
সহেলি,1
কামরুন,1
রশীদ হাসান,0
কায়কোবাদ,0
নাফিউল,0
জাব্বার,0
এধা,1
নাসির,0
খন্দকার মনোয়ার হোসেন,0
দীপালি,1
আওফ,0
সাজেদর রহমান,0
সাকিব সালিম,0
আরমানী,1
মনিরা খাতুন,1
আরশাদুল হক,0
সাকেরা,1
আতকিয়া ফাইরুজ,1
নাহলা,1
বরষা,1
তাযকিয়া,1
আছরা মাহমুদ,0
মোহাম্মদ মনিরুজ্জামান মিয়া,0
পারু,1
মতিউর,0
গিতা,1
আনিস,0
সামিউল হক,0
আবদুল করিম শাহ,0
বিজয়া,1
তানভীর,0
তামান্না,1
সাদ্দাম হোসেন,0
আফিয়া জাহিন,1
রাগীব মাহতাব,0
জয়ন্তী,1
মহেন্দ্রনাথ গুপ্ত,0
রীমা,1
মেহেক,1
আতিক মোসাদ্দিক,0
আদীবা,1
সুস্মিতা,1
অদ্বিতা,1
সোহেল,0
অন্নদাচরণ খাস্তগীর,0
আব্দুর রউফ,0
রাফা,1
কাজী আনিস আহমেদ,0
মোজাম্মেল হোসেন মিন্টু,0
আমরুশা,1
মোবাশ্বের আলী,0
অরুনিমা,1
ইমতিয়াজ,0
আসাদ বিন হাফিজ,0
তাসনিয়া,1
বনসারি,1
আকলিমা,1
ইমরান,0
বিন্দু,1
সালমা আনজুম,1
সোহা,1
আমানুল্লাহ,0
জুলি,1
নির্মলা,1
হাসান আজিজুল হক,0
আসলাম,0
আসমা সাহেবী,1
ফজলুর রহমান খান,0
অনুপমা,1
আযহা উজ্জল আজিজা,1
আমজাদ হোসাইন,0
আঞ্জাম,0
আব্বাস আলী,0
আনিসুল হক,0
অজয় রায়,0
রিনা,1
আনিকা,1
আমীরাতুন নিসা,1
রেহা,1
পারভেজ সিকদার,0
আদীল,0
নাফিসা লুবনা,1
আব্দুর রহমান,0
আতকিয়া,0
আফতাব,0
আফরা ওয়াসিমা,1
রব্বানি,0
প্রমিতা,1
একা,1
শ্রেয়া,1
তাসমিয়া,1
তুলি,1
মৌলভী আবদুল করিম,0
বিদিত লাল দাস,0
আযীয,0
আতকিয়া মুরশিদা,1
আতকিয়া ফাইজা,1
আফিয়া মাসুমা,1
নিয়াজ মোহাম্মদ চৌধুরী,0
আসার,0
চন্দ্রানী,1
ফিরোজ,0
আত্তার,0
আতকিয়া মাদেহা,1
শাহিদা,1
আবদুল হাই শিকদার,0
আজরা সামিহা,1
রফিক,0
কাসসাম,0
এটিএম শামসুজ্জামান,0
ফারহানা খাতুন,1
আলী আরমান,0
এক্তা,1
সানজিদা,1
তুহিন রানা,0
আছীর,1
জামাল নজরুল ইসলাম,0
সুফিয়া,1
মিলন ইসলাম,0
খালিস,0
আতিয়া রাশীদা,1
বরুণা,1
মুহাম্মদ হাবিবুর রহমান,0
আলতাফ মাহমুদ,0
তপন চৌধুরী,0
আফিয়া আয়মান,1
খন্দকার সিদ্দিক-ই-রাব্বানী,0
ফারিহা,1
হিমানী,1
সুহানি,1
ইসমাত আফিয়া,1
কানান,1
লতিফা,1
অলী,0
দীপশিখা,1
জাহান,1
শাকিব হোসেন,0
পায়েল,1
মাফরুশাত,1
ঈশিতা,1
জান্নাতুল পিয়া,1
পিয়া বিপাশা,1
জাগ্রতি,1
মাধব চন্দ্র,0
আরেফিন রুমি,0
আজরা মাবুবা,1
অরুণ কুমার বসাক,0
আজরা সাজিদা,1
হাবিব,0
শাহ আবদুল করিম,0
খোদা বক্স,0
আলমাস,0
মউমিতা,1
হুমায়ূন আহমেদ,0
আতকিয়া আদিবা,1
মোহাম্মদ কায়কোবাদ,0
আফিয়া বিলকিস,1
রাইসা,1
ননদিনী,1
সুলতানা,1
রাশিদ আনজুম,0
আতিয়া হামিদা,1
জসীম উদ্দিন,0
মালিনী,1
কালা,1
বাবু,0
উমায়ের,1
অজিতা,1
আক্তার,1
রিদয়,0
ইমন,0
আনজুম,1
ডেয়ন,1
নাবিলা,1
ফারুক মিয়া,0
আরিজ,0
অংকু,0
রিজওয়ান,0
রত্না,1
শিল্পি আক্তার,1
সাকিব,0
দোয়েল,1
এরিন,1
সামছুদ্দীন,0
মনিরুজ্জামান,0
রাগীব আনিস,0
অন্নপূর্ণা,1
ইমাদ,0
আবদুল আহাদ,0
মুশাররাফ করিম,0
ফাহমিদা নবী,1
খফীফ,0
ওজা,1
সৈকত,0
জান্নাতুল,1
শামীমা,1
আতকিয়া সাদিয়া,1
রশীদা,1
দূর্গা,1
মুজিব পরদেশী,0
নুর ইসলাম,0
প্রবাল চৌধুরী,0
ফারহাত,1
দোলন,1
বৃষ্টি,1
অক্ষয়চন্দ্র চৌধুরী,0
আহমদ,0
আতেফ,0
ধ্যান্দা,1
করিম,0
মুজাম্মিল,0
ঝুম্পা,1
বাকির,0
আনিসা,1
উজালা,1
হেমাঙ্গিনী,1
আনিস চৌধুরী,0
ফরিদ,0
আইমান,0
আরহাম,0
আরিফ জামান,0
নাওশিন আতিয়া,1
স্ত্রুতি,1
তাখমীনা,1
তাহযীব,1
আসিম,0
আতকিয়া সামিহা,1
মঙ্গলাচরণ চট্টোপাধ্যায়,0
আরমান,0
আফিয়া,1
আব্বাস উদ্দিন,0
টুম্পা,1
রাগীব আবসার,0
মণীশ ঘটক,0
রবীন্দ্রনাথ বর্মন,0
আতিয়া উলফা,1
আদ্রিকা,1
শুভশ্রীণী,1
মনিরা,1
অজিতেশ বন্দোপাধ্যায়,0
রাহাত,0
আসিয়া,1
মুহম্মদ এনামুল হক,0
সুপরনা,1
আরিফিন শুভ,0
ফেরদাউস,1
মাহবুব,0
আফিফা,1
আত্মিকা,1
আকীল,0
গওহর,1
গফুর,0
আসমা তাবাসসুম,1
গোলাম সারওয়ার,0
মাইমূন,0
উমার,0
আদিল,0
সাজেদা,1
তাহসীনা,1
শিপন আহমেদ,0
রহমত আলি,0
আনোয়ার উদ্দিন খান,0
আহসান হাবীব,0
সুমি,1
আতিয়া যয়নব,1
জওয়াদ,0
আমানাত,0
লক্ষী,1
মাসুম,0
অমিত চাকমা,0
আশরাফী,1
ইদ্রীস,0
প্রিয়া,1
আহসান হাবিব,0
নার্গিস,1
অরুণাভ সরকার,0
রাশীদা,1
আসিল,0
নিশাত আতিয়া,1
মোহাম্মদ আবদুল কাইউম,0
নাওশিন সাইয়ারা,1
শিশির,0
আফিয়া আনতারা,1
আতকিয়া জামিলা,1
আয়মান উলফাত,1
ওয়াহেদ,0
আনিফা,1
আফিয়া আফিফা,1
হায়দার হোসেন,0
আফিয়া আবিদা,1
আনিসুর রহমান,0
আরজ আলী মাতুব্বর,0
শাহিনুর,1
কাজলি,1
জনি,0
হুমায়রা,1
আলতাফ,0
আনিসা নাওয়ার,1
আতকিয়া আনজুম,1
সৈয়দ আব্দুল হাদী,0
আব্দুল জব্বার খান,0
ফাহমিদা আক্তার,1
নাসরিন,1
মাহমুদুল হক,0
নিশাত ফরহাত,1
অমলা,1
রিয়াদ হোসাইন,0
শম্পা,1
ফায়জান,0
আরাফাত,0
মাহমুদুন্নবী,0
তাওবা,1
গালিব,0
ফারুক আহমদ,0
ধৃতি,1
নাবীল,0
আসনাফু,0
তানিস্ক,1
আতকিয়া বিলকিস,1
মবিন উদ্দিন আহমেদ,0
নিরুপমা,1
আহসান,0
সুমনা,1
খুবাইব,0
শাফিউল,0
আছরী,0
মাহমুদুল হাসান,0
আমজাদ নাদিম,0
ইমানুর,0
জারা,1
আফরা আবরেশমী,1
কাজল কুমার রয়,0
ফাহমীদা,1
ফিরোজ সাঁই,0
হার্দিকা,1
রাশিদ আহবাব,0
আবীর,0
আজরা আদিলা,1
মাহতরাত,1
চন্দ্রকনা,1
মতিউল ইসলাম,0
সৌরভ,0
আমীনা,1
শুভশ্রী,1
টিয়া,1
রোকন,0
আবু ইসহাক,0
শাফিয়া,1
আরিফ বখতিয়ার,0
আব্দুল মতিন পাটোয়ারি,0
রাগীব ইয়াসার,0
সায়নী,1
আজিজুল হক,0
আবরার জাওয়াদ,0
বারুনি,1
আহমেদ শরীফ,0
আতকিয়া আনতারা,1
আখদার,0
অহি,0
হীরালাল সেন,0
আফরোজা,1
পিঙ্কি,1
মুন্সী রইসউদ্দীন,0
দামায়ন্তি,1
আবদুল গফুর হালী,0
বিথি,1
কাব্যা,1
শ্রীলেখা,1
মোহাম্মদ নাসিরউদ্দিন,0
মনিষা,1
ডালিয়া,1
সায়মা,1
আবিদ আজাদ,0
আনসার,0
আজরফ,0
শাকিল,0
আবু রুশদ,0
এম্মা,1
ভারতী,1
মালতী,1
দিব্যা,1
সঙ্গীতা,1
আতকিয়া হামিদা,1
সৈয়দ মুজতবা আলী,0
মুহাম্মদ জাফর ইকবাল,0
আজরা হোমায়রা,1
সফিউল,0
আনিসা বুশরা,1
আরশি,1
মহাসেন,1
মুহসিনাত,1
এইশা,1
আকিব,0
আশিক বিল্লাহ,0
একাংক্ষী,1
মোহাম্মদ মাহফুজউল্লাহ্,0
মেরাজুল কবির রিয়াদ,0
রোশনী,1
আতেরা,1
জুলফা,1
সালমা ফাওজিয়া,1
মণীন্দ্র গুপ্ত,0
এরশাদ,0
তন্ময়,0
ইমন সাহা,0
অনিরুদ্ধ আলম,0
নন্দিনী,1
আফিয়া মাজেদা,1
নূর,0
নুরুল মোমেন,0
আরাফাত রহমান,0
পিয়াঙ্কা,1
নাফিসা নাওয়াল,1
আনিসা শার্মিলা,1
শাকিলা,1
মিশু আইরিন,1
নাজমা,1
রুদ্র মুহাম্মদ শহীদুল্লাহ,0
আতকিয়া আমিনা,1
আব্দুল্লাহ আল মতী,0
আতকিয়া আবিদা,1
প্রিশা,1
আসাদ চৌধুরী,0
সাবাহ,0
জাফর,0
আফিয়া ফাহমিদা,1
রেজওয়ান বারি,0
আমিনা,1
কাজী শুভ,0
ফাইয়ায,0
আতকিয়া লাবিবা,1
আবদুল জব্বার,0
সুরাইয়া,1
ইফতিহার,0
আজিজ,0
আকমাল,0
দাওলা,0
আরদ্রা,1
বরর্ণালি,1
তাশা,1
সজীব কুমার রয়,0
আতিয়া হামিনা,1
আবুল হোসেন,0
আরীকাহ,1
সেলিমুজ্জামান খান হিমু,0
মনির,0
দিপালি,1
রহিমা,1
ফারিয়া,1
আশ্বিণি,1
আনতারা মুরশিদা,1
হাসিনা,1
বাসন্তি,1
ইমতিয়াজ,0
বাপ্পা মজুমদার,0
তাকমিলা,1
আনতারা রাইসা,1
সাইমা,1
আজরা আকিলা,1
সালাউদ্দীন,0
ফেরদৌস ওয়াহিদ,0
অনিল মুখার্জি,0
রাশীদ,0
মুহম্মদ জাফর ইকবাল,0
মাবশূ রাহ,1
সাবিহা,1
আফিয়া হুমায়রা,1
আমিন খান,0
জাভেদ করিম,0
বোরহান উদ্দিন,0
আতকিয়া আদিলা,1
সুজাতা,1
ফারাহ,1
পূজা,1
মিনহাজ,0
আয়েশা,1
বিজয় সরকার,0
বদর,0
লাইমা,1
আহকাম,0
চ্যামেলি,1
রাগীব নূর,0
তানযীর তুহীন,0
আলকামা,0
আজিজুল ইসলাম,0
সলীমুদ্দীন,0
উরজা,1
আসরার,0
মাজহারুল ইসলাম,0
মুশফিকা,1
রিয়াদ,0
সুরমা,1
মীর মশাররফ হোসেন,0
সাদিকুল হক,0
ফরিদা,1
সেহেলি,1
কবীর চৌধুরী,0
বশীরা,1
আনতারা ফাহমিদা,1
আদিবা,1
আহমেদ ছফা,0
আফিয়া মালিহা,1
রাজ,0
বিধি,1
ছবি,1
দাঊদ,0
আতিয়া সাহেবী,1
সোফিয়া,1
প্রকৃতি,1
আজরা শাকিলা,1
রাকিব,0
অবিরামি,1
ইরাবতী,1
মিনার রহমান,0
হাসনা,1
আফরা বশীরা,1
নেত্রা,1
বর্ষা,1
এনায়েত,0
মুনতাসীর মামুন,0
কাসিফ,0
আরিয়া,1
বিভূতি,1
নিরালি,1
রফিক আজাদ,0
বিনিতা,1
শিপ্রা,1
মান্নাত,1
ইকরিমাহ্,0
আজরা মালিহা,1
আব্দুল্লাহ খালিদ,0
উমাইর,0
অজিতকুমার গুহ,0
আজিজুর রহমান,0
পল্লবী,1
সাজ্জাদ হোসেন,0
রিতু,1
আতিয়া শাহানা,1
আতকিয়া মালিহা,1
ওয়াকার,0
ফয়সাল,0
আসমাহ,1
আওন,0
আহমেদ জিয়া,0
রমা,1
রনি ইসলাম,0
মাসুদা,1
আরজ,0
ঈশাত,1
বিনি,1
রাজ্জাক,0
আসমা আফিয়া,1
আতকিয়া আজিজাহ,1
আলাওল,0
আহনাফ,0
রামিসা,1
আফাকুজ্জামান,0
আফিয়া সাইয়ারা,1
আইয়ুব বাচ্চু,0
সফওয়াত,0
মুস্তাকিম,0
আজরা হামিদা,1
আতিকওয়াদুদ,0
একাপরনা,1
সুমন,0
ঈপ্সা,1
আতিয়া ইবনাত,1
আতহার আলী,0
দিপা,1
মাবেল,1
আভা,1
আহমেদ ইমতিয়াজ বুলবুল,0
জুঁই,1
আলমগীর,0
আরনা,1
মুবারক,0
সৈয়দ জাহাঙ্গীর,0
শওকত ওসমান,0
আফিয়া আদিবা,1
কোমল,1
আবুল খায়ের মোহাম্মদ,0
ফিরোজা,1
আশহাদ,0
ফুয়াদ আল মুকতাদির,0
গার্গী,1
অরুণিমা,1
মাহদি সঠিক,0
জাকিয়া,1
রাগীব আবিদ,0
কিফায়েত,0
মুবতাহিজাহ,1
আনিসা তাহসিন,1
সালাহ,0
আলাউদ্দিন খাঁ,0
আলী আকবর খান,0
আব্দুর রউফ চৌধুরী,0
নিলিমা করিম,1
শ্রেয়সী,1
কাজী নজরুল ইসলাম,0
মুহতারিযাহ,1
আজরা ফাহমিদা,1
পারভেজ,0
শ্যামলা,1
আনতারা আনিকা,1
গাজি,0
হৃষিতা,1
আশরাফ,0
ফাহিম,0
তাহের,0
সোহরাব হোসেন,0
রাফিউর রহমান,0
মুহম্মদ নুরুল হুদা,0
তুলনা,1
মিন্নাত আলী,0
মিলি,1
কাজল চন্দ্র,0
অরুণধতি,1
রাগীব নিহাল,0
তারা,1
দ্রিধা,1
মনসুর,0
আব্দুস সালাম,0
ইকবাল আসিফ জুয়েল,0
সাদীয়া,1
ফাবিহা বুশরা,1
আন্দাল,0
আবদুল হক চৌধুরী,0
নাফিসা রায়হানা,1
জামিলা,1
তাবাসসুম,1
সামিনা,1
গ্রেস,1
রওশন,1
আরভি,1
শোনি,1
নাফিসা আতিয়া,1
আবদুল গাফফার চৌধুরী,0
আবদ,0
নুসরাত,1
লোকমান,0
মুমতাজ,1
ইশতিয়াক,0
সুমিতা,1
তুরফা,1
তানজিল আহমেদ,0
আবদুল্লাহ আল মুতী শরফুদ্দিন,0
জামাল,0
মোবারক হোসেন খান,0
বুদ্ধি,1
আমীম,0
অতীন বন্দ্যোপাধ্যায়,0
লালন শাহ,0
সালমা,1
তাসমীম,1
শওকত আলী,0
নাদিয়া,1
গোলাম কাদের,0
খতিব,0
নায়লা,1
ইসরাত,1
কারিব,0
আফিয়া মুবাশশিরা,1
আনোয়ার পাশা,0
শাহানা,1
মুজাহিদ,0
আবুল কাসেম ফজলুল হক,0
আবদুল্লাহ আল মুতি,0
আতুফ,0
নাসিম আলী খান,0
আবদুল কাদির,0
জেমস,0
দৈভি,1
নিশাত আফলাহ,1
খুররাম,0
শহিদুল ইসলাম,0
হারুন রশিদ,0
হর্ষা,1
আসাদুজ্জামান নূর,0
দূরবা,1
চেতনা,1
শান্ত,0
তুষার মিয়া,0
উদয় রয়,0
আসমা গওহার,1
নাফিসা মালিয়াত,1
আগম,1
আযরাক,0
আনিসুজ্জামান,0
রশীদ হায়দার,0
আফরা ইয়াসমিন,1
রুমালী,1
আফজাল হোসেন,0
সামিউল আহসান সামী,0
অপর্ণা,1
বাণী,1
কামরুল হাসান,0
মিতালি,1
স্বরা,1
আতকিয়া ফাখেরা,1
আফলাতুন,0
রবীউল হাসান,0
তৌহিদ,0
হরিপদ দত্ত,0
মোহাম্মদ মাহফুজউল্লাহ্,0
শিফাত,0
চন্দ্রা,1
আনওয়ার,1
আতকিয়া মোমেনা,1
রাশিদ তকী,0
রাগীব নাদের,0
হাসন রাজা,0
চন্দন সরকার,0
ফালাহ্,0
জারিফ,0
যশী,1
আকিলা,1
রিয়াদ,0
মাহিয়া,1
ধরণী,1
ঋতুপর্ণা,1
মুন্সী রইসউদ্দীন,0
শহীদুল্লা কায়সার,0
আতিয়া আজিজা,1
মমতা,1
ইরতিজা,1
আনতারা লাবিবা,1
আলী যাকের,0
হিমেল,0
তাযিন,0
নাজীবাহ,1
মমতাজউদ্দীন আহমেদ,0
আমীদ,0
হাবিব এহসান,0
রাশিদ মুতারাদ্দীদ,0
রিয়া,1
আতকিয়া ফাহমিদা,1
হেলাল উদ্দিন,0
নেহা,1
মাজেদা,1
রায়হানা,1
সোহাগ,0
আহমদ ছফা,0
আওলিয়া,0
ক্রুপালী,1
হালিমা,1
সৈয়দ ওয়ালিউল্লাহ,0
শাবনুর,1
মুনেম,0
আইরিন,1
মুশফিক,0
সহেলী,1
পারভেজ,1
মোহাম্মদ নুরুল হুদা,0
আজরা আফিফা,1
আসমা নাওয়ার,1
মুহাম্মদ আসাদুল্লাহ আল গালিব,0
রাব্বানী,0
রাশিদ আরিফ,0
রাশেদুজ্জামান,0
এম সাখাওয়াত হোসেন,0
সদরুদ্দীন,0
সুমাইয়া মুক্তা,1
মোতাহের হোসেন চৌধুরী,0
আনোয়ার,0
মুহম্মদ শহীদুল্লাহ,0
মাহফুজুর রহমান,0
কিশোরী,1
ইনাক্সি,1
তায়া,1
আনতারা শাহানা,1
আবদুল মুহীত,0
আরজু,0
আতিক মুর্শিদ,0
আতকিয়া মাহমুদা,1
আফরা রুমালী,1
আরিফা,1
ত্রিশা,1
নাজিব,0
আকরাম,0
লিনা,1
মমতাজ,1
আলিসা,1
মাসূদা,1
কাজল,1
রাশিদ শাহরিয়ার,0
রাশিদ মুতারাসসীদ,0
নকীব খান,0
বাশার,0
গণী,0
পপি,1
রুচিকা,1
নাহিদা,1
মীর মোশাররফ হোসেন,0
সাখাওয়াত হুসাইন,0
শিমুল,0
পূরবী,1
আমির,0
মাসুম বিল্লাহ,0
আজিম,0
মুতাদায়্যিনাত,1
দরপর্ণা,1
আতিয়া,1
রাসু আহমেদ,0
লায়লা,1
ক্রিয়া,1
তপন কুমার রয়,0
আসিফা,1
আহমাদ,0
মাসুদ,0
ভারা,1
অপরাজিতা,1
আনোয়ার হোসেন,0
একতা,1
কনিকা,1
আফজাল,0
আইউব,0
সুমাইয়া,1
আসমা মালিহা,1
বরকত,0
বিলকিস,1
মহীউদ্দিন,0
আনতারা মাসুদা,1
কল্পনা,1
আদওয়া,1
ইদিত্রী,1
আতকিয়া মুনাওয়ারা,1
দুর্জয়,0
সুনিতা,1
মুজিব,0
নিবাল,1
মাহেরা,1
আদিল আহনাফ,0
মিহির সেনগুপ্ত,0
রাগীব আশহাব,0
রাগীব আখলাক,0
জয়া,1
আফরা আনিকা,1
দীপ্তি,1
বদ্রিকা,1
আজম,0
ইমদাদুল হক মিলন,0
আমির ফয়সাল,0
আনিসা তাবাসসুম,1
আমিনাহ,1
আনীসুজ্জামান,0
ইরা,1
আজরা মুকাররামা,1
আয়িশা,1
অলী উল্লাহ,0
নিশাত আনজুম,1
মোরসালিন,0
পরাগ আহমেদ প্রান্ত,0
মোহাম্মদ আতাউল করিম,0
আতিয়া তাহিরা,1
কাশেম বিন আবু বকর,0
পৈলমী,1
মুস্তফা নুরুল ইসলাম,0
চাহাত,1
দক্ষা,1
রিমি,1
তাহিয়্যাহ,1
নাওশিন রুমালী,1
আসাস,0
কাকলি,1
আসমা আনিকা,1
ফাল্গুনী,1
জুনায়িদ,0
মন্দাক্রান্তা সেন,0
মনির খান,0
আকবর হোসেন,0
জাগ্রিতী,1
নাঈমাহ,1
মঈনুল আহসান সাবের,0
আকাশ,0
আফিয়া আমিনা,1
শুভশ্রি,1
হামিদুর রহমান,0
ইনসাফ,0
ময়ুখ চৌধুরী,0
আফিয়া মাহমুদা,1
আতবান,0
সুপ্রিয়া,1
প্রতিমা,1
কনক,1
ফারুক,0
রাশিদ আবিদ,0
লেখা,1
আন্দালীব,0
মাইদুল ইসলাম,0
দামন্তি,1
মাকসুদুল আলম,0
আউয়াল,0
আসমা রায়হানা,1
তৃষ্ণা,1
এতি,1
আযহারূল ইসলাম,0
সুরভি,1
শাবানা,1
নুরুজ্জামান হক,0
শামসুর রাহমান,0
আমজাদ,0
আবইয়াজ,0
রাবেয়া,1
আফরা ইবনাত,1
রাশীদ নাইব,0
আসমা আতেরা,1
পারভেজ মারুফ,0
বুশরা,1
নায়িম খান,0
রামলা,1
শাহাবুদ্দিন নাগরী,0
গারগি,1
নাজীফা,1
আসিফ,0
আতকিয়া বাশীরাহ,1
আশিকুর রহমান,0
সাইফুল ইসলাম,0
কামরুজ্জামান,0
সালিক,0
পাঙ্খুরি,1
জিয়াউর রহমান,0
আশরাফ হুসাইন,0
আশহাব,0
নাইম,0
মুশাররাফ করিম,0
জয়শ্রী,1
আফিয়া সাহেবী,1
নাবিল,0
ওমা,1
মিম,1
আরশাদ,0
অনুরূপা,1
আবুল কাসেম,0
ঐশ্বর্য,1
অংশী,1
আতকিয়া হামিনা,1
রাশিদ তালিব,0
তাসলিমা,1
সাদিয়া,1
পুষ্পা,1
নাওশিন আনজুম,1
মনোজ মিত্র,0
নামী,1
মাহমুদা,1
রাশিদ মুতাহাম্মিল,0
শহিদুল আলম,0
চন্দন,1
অর্পন দত্ত,0
নাজমুল হোসাইন,0
তপু,0
আসাদ শুভ্র,0
রাগিণী,1
তিশা,1
মায়মুনা,1
ওয়াহাব,0
শাদমান,0
সামিহ,0
তামজীদা,1
আফিফা সাহেবী,1
তাকিয়া,1
মমিনুর রশিদ,0
হান্সা,1
তাহিয়া,1
নাইমুল ইসলাম,0
মৌসোনা,1
প্রাক্রুতি,1
রাগীব মুহিব,0
আরিফুল হাসান,0
আনাস,0
আসমা আনিসা,1
রাগীব আনসার,0
রাযীন,0
ফাহমিদা,1
রাগীব আমের,0
সৈয়দ শামসুল হক,0
মঞ্জু সরকার,0
তাসনীম,1
ইকবাল,0
নওশীন,1
কানি,1
রহমত,0
রেজা,0
নিশাত মুনাওয়ারা,1
জাহীদ,0
দীবা,1
আতিক আযীয,0
বৈজয়ন্তী,1
বাসিম,0
অক্ষয়কুমার বড়াল,0
মায়া,1
লিলি,1
মাকহুল,0
আফীফ,0
ইনু,1
আঞ্জুম,0
হাম্মাদ,0
আসিফ আকবর,0
ইনাম,0
আরিফ মাহমুদ,0
ফজিলাতুন,1
অচিন্ত্যকুমার সেনগুপ্ত,0
রাই,1
সাব্বির হোসাইন,0
সিনথিয়া,1
আব্দুল আলীম,0
হুসাম,0
সায়িমা,1
বীথিকা,1
মাহবুব উল আলম চৌধুরী,0
যীনাত,1
বলবীর,1
আতকিয়া আয়েশা,1
মৌমিতা,1
আফ;য়া নাওয়ার,1
মলয় রায়চৌধুরী,0
লাভলীন,1
অভিনীতি,1
আফিয়া মুরশিদা,1
সালমান খান,0
আফিয়া আনজুম,1
ফাওযীয়া,1
সাবেত,0
পার্থ,0
অহল্যা,1
রাশিদ মুবাররাত,0
সামীম,0
হাফিজ,0
সালমা মাহফুজা,1
এলসা,1
রিদওয়ান,0
অলি আহমাদ,0
রাহুল সরকার,0
তৃশনা,1
ফারিহা সবনম,1
ফারযানা,1
চিত্রলেখা,1
আসির ফায়সাল,0
আফনান,1
হানা,1
দুর্গা,1
তুহিন শাহ,0
অহনা,1
আল মাহমুদ,0
আফিয়া ইবনাত,1
মোহনা,1
আফিয়া আসিমা,1
আসাদ,0
আবুল হায়াত,0
মোহাম্মদ নাসিরউদ্দিন,0
মাহবুব সাদিক,0
আজরা সাদিয়া,1
রশিদ আমের,0
আবু জাফর শামসুদ্দীন,0
আতকিয়া আনিসা,1
রাশেদ আহমেদ,0
মুবীনা,1
অন্নদাশঙ্কর রায়,0
আজরা সাবিহা,1
নাফিসা রুমালী,1
আসাদুজ্জামান রুবেল,0
আফরা আনজুম,1
আতকিয়া বুশরা,1
আজাহার উদ্দিন,0
আরিফ সাদিক,0
রজনী,1
আশিক,0
বেদিকা,1
তাহামিনা,1
তানমীর,1
অনিক,0
আলিয়া,1
আনতারা হোমায়রা,1
আলিফ আলাউদ্দিন,0
আবদুল্লাহ আবু সায়ীদ,0
আতিয়া আফিয়া,1
শ্রাবন্তি,1
মাহবুব তালুকদার,0
ইকবাল হোসেন,0
মোহাম্মদ বরকতুল্লাহ,0
মধু,1
হুমায়ুন আজাদ,0
ইব্রাহীম,0
রাওনাফ,1
রাজু আহমেদ,0
আফিয়া আদিলাহ,1
রশিদ আবরার,0
আফরা আসিয়া,1
আফযাল,0
আতাউল্লাহ,0
যশভী,1
আফরা গওহর,1
ইমরান মাহমুদুল,0
জাহিদুল ইসলাম,0
মাম্পি,1
মুন্না,0
রশিদ আসকারী,0
দিলরুবা,1
আজরা তাহিরা,1
রাইহান,0
পরিনাজ,1
ফারজানা,1
আজিজুল হাকিম,0
রুয়া,1
দিপক,0
মাইমুনা,1
আবরার ফাসী,0
আমরুদ,0
মধুরিমা,1
রায়হানুদ্দীন,0
আলিশা,1
অজন্তা,1
জয়নুল আবেদীন,0
আবুবকর সিদ্দিক,0
মমতাজুর রহমান তরফদার,0
দীপ্তিময়ী,1
রাফিয়া,1
আরকাম,0
আশফাক্ব হাবীব,0
আলমগীর হোসাইন,0
আজরা আদিবা,1
অংকন,0
আজরা আতিয়া,1
মানিক বন্দ্যোপাধ্যায়,0
আবদুল গনি হাজারী,0
আদী,0
রাফাত,0
যিয়াদ,0
কামার,0
সজল,0
বানসরি,1
লয়া,1
আখতার,0
দিয়া,1
মুহাম্মদ শহীদুল্লাহ,0
নুমান,0
আতহার ইশরাক্ব,0
রুবেল ইসলাম,0
আসীর,0
খায়রুল আনাম শাকিল,0
রিহান,0
অলি আহাদ,0
হ্যাপি আহমদ,1
বেদারউদ্দিন আহমদ,0
শহীদুল্লাহ কায়সার,0
আসীফ,0
আনওয়ারূল হক,0
কায়সার,0
আখতাব,0
আতকিয়া জালিলাহ,1
হামিন আহমেদ,0
হামদান,0
কুরবান,0
মেহজাবিন,1
ইহান,0
সলিমুল্লাহ খান,0
মাহাদ,0
রোমানা,1
আবুল ফজল,0
ভারগভী,1
নাফিসা শামীম,1
জমিমা,1
উর্ভি,1
হাবীবা,1
মুতাহাররিফাত,1
নন্দিতা,1
রাশিদ শাবাব,0
উজ্জ্বলা,1
সাদেকুর রহমান,0
জিয়াউর রহমান জিয়া,0
ঈনাক্সি,1
অতুলচন্দ্র গুপ্ত,0
ধ্বনি,1
জমকা,1
কিরা,1
আজমল,0
আফিয়া মুতাহারা,1
লিরা,1
তাশবীহ,1
আজমাইন,0
ইমদাদুল,0
আফিয়া হামিদা,1
আসমা আকিলা,1
মালিহা,1
শফিক,0
নিশাত লুবনা,1
নীহারিকা,1
ঝিলিক,1
আজম খান,0
আতিকুল হক চৌধুরী,0
আমজাদ আলী,0
আতকিয়া আনিকা,1
প্রীয়াঙ্কা,1
জাহিদ,0
নব্যা,1
ভিবুতি,1
আবদুল মান্নান সৈয়দ,0
আরিফ,0
জালসান,1
রাগীব শাকিল,0
আজরা রাশীদা,1
জায়েদ,0
হাফিজা,1
আতিয়া আয়েশা,1
আদনান,0
সালমা ফারিহা,1
মীর মাসুম আলী,0
তাহিরা,1
পারমিতা,1
বনী,1
সাদ্দাম হুসাইন,0
আতিয়া সানজিদা,1
অপি করিম,1
সামাইরা,1
মিসবাহ্,0
আশীষ কুমার লোহ,0
মানসী,1
আরীব মাহমুদ,0
আখতারুজ্জামান ইলিয়াস,0
সালিমুল হক,0
আফরা নাওয়ার,1
রাহিম,0
গীতালি,1
আনকলিকা,1
রিমা,1
আফরা,1
মুহাম্মদ আকরাম খাঁ,0
ফারা,1
ওম,1
নাসের,0
মকবুলা মনজুর,0
অরপিতা,1
কানিজ,1
অনসূয়া,1
হামিদ,0
আবুল হুসসাম,0
শাফি,0
আতিয়,1
লিবান,0
মেহেদি হাসান রুমি,0
আনতারা মালিহা,1
আদর্শা,1
রিম্পা,1
অরুন্ধতী,1
আসমা তারাননুম,1
মাধুরি,1
দিভিয়া,1
রুমা,1
আফিয়া মুনাওয়ারা,1
ইন্দিরা,1
আনসুলা,1
আতিকা তাসাওয়াল,1
আবদুহু,0
শারমিন,1
আলাউদ্দিন আল আজাদ,0
পার্থ বড়ুয়া,0
আফিয়া আকিলা,1
অনুরাধা,1
আনোয়ার পারভেজ,0
সালীমা,1
সাইফুদ্দীন,0
তানিশা,1
আমীর,0
লাবীব,0
কৌশিক,0
জামিল,0
চন্দ্রিমা,1
দৃপ্তিময়ী,1
আজরা রায়হানা,1
স্বাতি,1
প্রিন্স মাহমুদ,0
মনজুর আলম বেগ,0
মেঘা,1
সমর দাস,0
পুতুল,1
ফাহিমা,1
মুতাহাসসিনাহ,1
আকিল উদ্দিন,0
ফকির আলমগীর,0
আওয়াদ,0
আতওয়ার,0
বদ্রিয়া,1
আসগার,0
পিয়া,1
আফনাফ হাবীব,0
গ্রীষ্মা,1
আজরা মুমতাজ,1
রাদ শাহামাত,0
মাহিকা,1
আরাফাত মিরাজ,0
আহমদ শিহাব,0
উজ্জল রয়,0
সালমা আফিয়া,1
বেলাল খান,0
আমানত,0
ফুয়াদ,0
সুলতান আহমদ,0
ভাগ্যা,1
আলমগীর কবির,0
মারিয়া,1
সুপর্ণা,1
জেসমিন,1
সাইয়ারা,1
আফরিন,1
মোহাম্মদ মোদাব্বের,0
নাদিরা,1
আসীলা,1
আনতারা আসীমা,1
মিন্নাত আলী,0
ফয়সাল,0
ভীনু,1
উনা,1
পীতম,0
শিরিন,1
মাশকুরা,1
কাওসার,0
ঈশা,1
জেবা,1
মনজুরে মওলা,0
রাইয়্যান,0
সিকদার আমিনুল হক,0
সালিম শাদমান,0
মামুন,0
আজরা আফিয়া,1
মুহাম্মদ ইব্রাহীম,0
শরিফ,0
আনতারা রাইদাহ,1
লালিমা,1
ফয়সাল,0
সরমিষ্টা,1
অবলী,1
সাহেদ,0
রাগীব মুবাররাত,0
হাসনাত আব্দুল হাই,0
নাফিসা রুম্মান,1
আতিয়া আনিসা,1
জান্নাত,1
তান্যা,1
শেখ ফজলল করিম,0
হাবিব ওয়াহিদ,0
মৃণাল সেন,0
শাহিরা,1
কাসিম,0
আজরা,1
অক্ষয়চন্দ্র সরকার,0
আজরা মাহমুদা,1
আজরা রুমালী,1
আমান,0
লাবণ্য,1
রাকিম,0
সাইদা,1
আদহাম,0
আবুল হুসেন,0
ডলি,1
সালাম,0
আব্বাস,0
লাবীবা,1
আবিদা,1
পহল,1
দিলোয়ার,0
রবিউল ইসলাম,0
সাফওয়ান,0
আতহার ইশতিয়াক,0
মিফতা,0
হৃদয় খান,0
সিরাজ,0
আজরা বিলকিস,1
মায়রা,1
রাগীব আখতার,0
অশ্রু,1
সাগুন,1
আত্বীক হামীদ,0
আনোয়ার হুসাইন,0
আজমাল,0
মুহতারামাত,1
অনুসূয়া,1
আবু হেনা মোস্তফা কামাল,0
তোছাদ্দেক,0
সামিন ইয়াসার,0
আলম খান,0
রাগীব হাসিন,0
খন্দকার নুরুল আলম,0
রেবেকা,1
দাইয়ান,0
তবিয়া,1
আবুল কালাম মোহাম্মদ যাকারিয়া,0
অলি আবসার,0
গুঞ্জন,1
মুতাকাদ্দিমা,1
মুজিবা,1
আজহার,0
ওয়াহিদা,1
মোবাশশিরা,1
মোহাম্মদ লুৎফর রহমান,0
রাগীব মোহসেন,0
জামান,0
ভবানী,1
বেলা,1
রুকুনদ্দীন,0
আতিয়া শাকেরা,1
নুর আলম সিদ্দিক,0
তাসকীনা,1
মাহাবুব উল আলম,0
কামাল চৌধুরী,0
আজিজুর রহমান আজিজ,0
সালোনি,1
নাফীসা,1
আওয়ায়েস,0
তাউস,0
রোমিলা,1
আরিফুল ইসলাম,0
কানিজ ফাতেমা,1
ঈশানী,1
মাইকেল মধুসূদন দত্ত,0
কফিল,0
লারা,1
আল্লাম,0
মল্লিকা,1
আতকিয়া আসিমা,1
নাওশিন আনবার,1
রুম্মন,1
রতন,0
মাহাসানাত,1
চাহনা,1
আবু হাসান শাহরিয়ার,0
মফিদুল হক,0
আজফার,0
মুমতাজ আলী খান,0
ফাতেমা,1
আহরার,0
অগ্নেয়ী,1
সাদিক,0
নাফিসা তাবাসসুম,1
নাফিসা,1
আমিন,0
মিহির সেনগুপ্ত,0
অশনি,1
হালিম,0
বিপ্লব,0
সাইয়্যেদ,0
আলী,0
করলিন,1
হান্নান,0
শাজিয়া ওমর,0
আনতারা ফায়রুজ,1
আব্দুল কাদের,0
মোহাম্মদ আবদুল জববার,0
আকতাব,0
মারুফ,0
আবুল খায়ের,0
মিলন মিয়া,0
আজমল ফুয়াদ,0
আব্দুল মুনইম,0
মুকুন্দরাম চক্রবর্তী,0
আসমা উলফাত,1
দেবকী,1
সেলিম,0
আমীন,0
নিহাল,0
আজরা আসিমা,1
নাইমাহ,1
তরিকা,1
সাবরিনা তাসনিম,1
তাহসান রহমান খান,0
একান্তা,1
শানায়া,1
ফারহানা,1
মৌসুমি,1
আজরা জামীলা,1
আত্তাব হুসাইন,0
আতিউর,0
আফাফ,0
সাইফুল হাসান,0
সঞ্জীব চৌধুরী,0
আতা,0
মুনতাজির,0
শাহ আলম,0
হাবিবা,1
মুহম্মদ মনসুর উদ্দিন,0
মাসরুর,0
খন্দকার আশরাফ হোসেন,0
চৈতালি,1
আবরার ফাহাদ,0
ভাব্যা,1
আদীব মাহমুদ,0
আতকিয়া বাসিমা,1
আকীদ,0
গুলজার,0
রাগীব ইশরাক,0
অদ্বৈত মল্লবর্মণ,0
শাকের,0
নিশাত নাবিলাহ,1
রাগীব সাহরিয়ার,0
সেলিম আল দীন,0
আতকিয়া মাসুমা,1
আলা,0
মিলন,0
নির্মলেন্দু গুণ,0
অরুণা,1
আতিয়া আকিলা,1
কাই,1
অমল বোস,0
আবুল মনসুর আহমেদ,0
রাহাত খান,0
বন্দনা,1
আসিলা,1
মিনাক্সি,1
আজরা মায়মুনা,1
আসাদুজ্জামান,0
নাফিসা গওহার,1
রাগীব আসেব,0
হারিস,0
আফসানা,1
আরজা,1
আসমা সাবিহা,1
রুকাইয়া,1
মাদেহা,1
পদ্মাবতী,1
কাবেরী গায়েন,0
আরাক্কু,0
রাহমান,0
জিয়া,1
আইদাহ,1
মৃদুলা,1
ফসিহা,1
খালিদ হোসেন,0
সজীব,0
অমিত হাসান,0
ওজস্বিনী,1
ফাহিম আল ইসলাম,0
সাচি,1
ঈশিকা,1
কাজি,0
আতকিয়া ফারিহা,1
এস এম সুলতান,0
আতিয়া ওয়াসিমা,1
আদীব,0
আনুশেহ্‌ অনাদিল,0
জাদিদাহ,1
আয়াজ,0
আমিনুর ইসলাম,0
দৃথি,1
পলাশ কুমার,0
গোলাম মুহাম্মদ,0
চন্দ্রকলা,1
দৃষ্টি,1
সোনালি,1
আসমা আতিয়া,1
কাদিরা,1
আবু হানিফ,0
মুরতাহ,0
মোহাম্মদ ওয়াজেদ আলী,0
বিলাল,0
নাবীলাহ,1
তানিয়া,1
মোজাম্মেল হক মিঠু,0
নিশাত মালিয়াত,1
আহমদ শরীফ,0
নেয়ামুল আহমেদ,0
এইলা,1
আতকিয়া মায়মুনা,1
আলমাস উদ্দীন,0
আফ্রোজা,1
জোহরা,1
আব্দুল্লাহ আল মামুন,0
আনতারা বিলকিস,1
আবদুর রহমান বয়াতী,0
কাঞ্চনা,1
অভিলাশা,1
নিশাত গওহার,1
কফিল আহমেদ,0
আবরার ফাহীম,0
সিরাজুল ইসলাম,0
রাগীব বরকত,0
আকমার,0
চৈতালী,1
রঈসুদ্দীন,0
নিত্যা,1
রাগীব আখইয়ার,0
শেফালি,1
ইহসান,0
আহমেদ রুবেল,0
আকিফ,0
আজবাল,0
ভান্যা,1
চাক্রিকা,1
রচনা,1
গায়া,1
মান্নান হীরা,0
দিলদার,0
মুনতাহা,1
আসমা,1
সাবরিনা,1
অমূল্যা,1
ফেইথ,1
সরমিলা,1
নাঈমা,1
আশজা,0
এতা,1
মিনা,1
শাহরিয়ার কবির,0
আজরা সাদিকা,1
আবদুশ শাকুর,0
তাইয়্যিবা,1
কামাল,0
তাসনিম,1
আযীম,0
সুবীর নন্দী,0
অগ্নাজিতা,1
যামিনী,1
সাহিরা,1
ওয়াহিদ আহমেদ,0
রুহি,1
মাহমুদুল ইসলাম,0
আজরা মাসুদা,1
আসীন,1
মুনির চৌধুরী,0
জুয়েল আহমেদ,0
আসআদ আল আদিল,0
তোহফা,1
সাফিয়া ফেরদৌস,1
রাশিদ লুকমান,0
মোহাম্মদ নাসিরউদ্দীন,0
আজওয়াদ,0
আনীস,0
আফসার,0
আবদুল হাকিম,0
অর্পিতা,1
হাসিনী,1
উরভি,1
চন্দ্রকান্তা,1
দ্যুম্না,1
আনু মুহাম্মদ,0
গোফরান,0
শামসুর রহমান,0
নিশাত আফাফ,1
আফরা সাইয়ারা,1
এস এম ফারুক,0
পৈরভি,1
যাকী,0
মুহম্মদ আবদুল হাই,0
আলিম,0
আসমা সাদিয়া,1
দাক্ষায়ণী,1
পিয়াল,0
কিয়ারা,1
লতিফ,0
মনিরউদ্দীন ইউসুফ,0
নাদিম,0
আতকিয়া ফাওজিয়া,1
লাবনী,1
মহাদেব সাহা,0
নুসাইফা,1
মাহফুজ,0
নাওয়ার,1
পম্পা,1
আজরা গালিবা,1
নিশাত আনবার,1
সৈয়দ আলী আহসান,0
পার্থ প্রতিম মজুমদার,0
অতুলপ্রসাদ সেন,0
আলম,0
হৃদা,1
হিতা,1
এ কে এম ফজলে হুসেন,0
রাগীব আনজুম,0
ললিতা,1
নাকিব,0
শেমলি,1
আবদুল হক,0
শুচিতা,1
শিলা,1
সুস্মিতা সাহা,1
মোহাম্মদ লুতফর রহমান,0
অঞ্জলি,1
মনির হোসাইন,0
সাব্বীর আহমেদ,0
ভুমিকা,1
বিন্দা,1
আয়মান,1
রাগীব রওনক,0
বিপাশা,1
রফিকুল হাসান,0
রজনী,0
নাদীম,0
আসগার আলী,0
সেজাল,1
শ্রাবণী,1
জহির রায়হান,0
ইবরার টিপু,0
আদ্যা,1
চিত্রা,1
সাহেবী,1
ফুয়াদ,0
হাসান,0
আমজাদ হোসেন,0
ইলিয়াছ,0
নিয়ায,0
খন্দকার মুশফিক,0
ফেরদৌস,1
আবিদ আনোয়ার,0
অউরা,1
আলিফ মিয়া,0
সঞ্জয়,0
আফিফুল ইসলাম,0
আসমার,0
দীনা,1
গিয়াস,0
আবু জাফর ওবায়দুল্লাহ,0
বিপাসা,1
মাকবুল,0
মুহাম্মদ মোজাম্মেল হক,0
আম্মার,0
তূবা,1
রাখি,1
আনিসা রায়হানা,1
আশফাক,0
কাশ্বী,1
হামিদা,1
দামিনী,1
চন্দ্রাবলী,1
মাছুরা,1
একান্তিকা,1
আফরান নিশো,0
নাফি,0
শওকত আলী ইমন,0
সাজি,1
আনতারা শাকেরা,1
আহলাম,1
সবিতা,1
ইদা,1
তানজীম,1
আকদাস,0
আনিসা শামা,1
মণিভূষণ ভট্টাচার্য,0
কাদের,0
আদিল মাহমুদ,0
নাসেহা,1
উরমিলা,1
মুহম্মদ আসাদ্দর আলী,0
আযহার,0
ওয়াহীদ,0
অয়না,1
শাকিব,0
খাত্তাব,0
কমল দাশগুপ্ত,0
আশেয়া,1
পারভীন,1
আফিয়া শাহানা,1
কাওকাব,0
আতকিয়া গালিবা,1
শাফিন আহমেদ,0
আফাক,0
হোসনে আরা শাহেদ,0
মুহম্মদ কুদরাত-এ-খুদা,0
আতিয়া আদিবা,1
সিরাজুল হক,0
নওসাদ,0
রুবেল,0
পাপিয়া,1
উশা,1
মোহাম্মদ মনিরুজ্জামান,0
রুমি,0
আহমাদ আলী,0
মুজাক্কির,0
শামসুদ্দীন আবুল কালাম,0
আবুল ফাতাহ মুহাম্মদ ইয়াহইয়া,0
ইয়াসমিন,1
মুনীর চৌধুরী,0
বাসিত,0
রুমান,0
লাবিব,0
আরীব,0
আদিতা,1
রাব্বানী রাশহা,0
আতিক হাবীব,0
আওসাফ,0
সুধীন দাশ,0
রাহীম,0
নাফিসা লুবাবা,1
আতকিয়া ফান্নানা,1
তারিক,0
আবু তাহের মজুমদার,0
তহুরা,1
শাহীন আখতার,0
সাকীফ,0
মাহের,0
মোফাজ্জল হায়দার চৌধুরী,0
মনোজ বসু,0
সায়েদ হাসান,0
আসমা আতিকা,1
আফিয়া মুকারামী,1
আতকিয়া মুকাররামা,1
আতিয়া ফিরুজ,1
রিমপি,1
কামরান,0
আবুল বাশার,0
রাশিদ মুজাহিদ,0
আকৃতা,1
আতকিয়া ফারজানা,1
যুতি,1
ছায়া,1
নাফিসা শামা,1
আনতারা রাশিদা,1
আজাদ,0
মেহেরিন,1
মনসুর আলী,0
কানন,1
ইনায়া,1
নিশাত,1
মারজানা,1
অজিত দত্ত,0
উপাসনা,1
রাশিদ তাজওয়ার,0
দিস্তা,1
জাহানারা ইমাম,0
মিজান,0
বিমলা,1
আল মুজাহিদী,0
আতইয়াব,0
আবুল হাসান,0
আজরা আতিকা,1
আজওয়াদ,0
মুমিন,0
আতিয়া মাসুদা,1
আতকিয়া আতিয়া,1
কানন,0
পলি,1
দিশা,1
মুতাসিম আহমেদ,0
কাশফ,0
মাহবুব আলম,0
মদন মোহন তর্কালঙ্কার,0
মাজীদা,1
আকবর আলী,0
আনতারা আজিজাহ,1
আতকিয়া সাহেবী,1
রশিদ,0
আনতারা,1
রুদ্র মুহম্মদ শহীদুল্লাহ,0
মিমি,1
শামিমা,1
মৌ,1
আজরাফ ফাহীম,0
সাকীব,0
সাগর সরকার,0
সারজ মুনি,0
আতকিয়া সাঈদা,1
দরপালী,1
জ্বতি,1
নূসরাত,1
নাবহান,0
নাফিসা শাদাফ,1
আবছার,0
আবরিশাম,0
আব্বাসউদ্দীন আহমদ,0
ফাতেহা,1
অমলিকা,1
চারু,1
জোবাইদুল,0
আতিকা,1
অনিন্দিতা,1
জাবেদ,0
বণী,1
চন্দ্রবলি,1
তাহমিনা,1
রাফি,0
সালমা আনিকা,1
আবেদ হোসেন খান,0
মেরাজুল ইসলাম ফিরোজ,0
করিশ্মা,1
আতিয়া মাহমুদা,1
কেয়া,1
মানসূর,0
ম্রিন্ময় রয়,0
প্রফুল্ল,1
পলক,1
ভালেরিয়া,1
আলওয়ান,0
ব্রততি,1
নাঈম,0
স্বর্ণ,1
নিশাত আনান,1
ইফতিখার,0
পাপড়ি,1
আসমা মাসুদা,1
আখফাশ,0
আরয়া,1
মাহজুজা,1
মনিকা,1
নাওয়াল গওয়ার,1
স্বাধীন,0
মাসুদ রানা,0
শেফাউল করিম,0
নয়ন,0
তানভি,1
মুরশীদা,1
সিয়া,1
অমৃতা,1
মোহিতলাল মজুমদার,0
মহাশ্বেতা দেবী,0
সামিয়া,1
আবদুল্লাহ আল মামুন,0
সাইফুল হক,0
ফেরদৌস রাহমান,0
হরিণী,1
এম এ নাসের,0
আনওয়ারুল আজীম,0
আবরার,0
সৈয়দ আহমদ,0
মণীন্দ্র রায়,0
আতিক,0
আবিদ,0
আনতারা হামিদা,1
সরিতা,1
আহমার,0
রফিউদ্দীন,0
ইসমাইল হোসেন সিরাজী,0
চামেলি,1
ওয়ালীদ,0
বরশা,1
রাশিদ আসেফ,0
আফিয়া আনিসা,1
মিষ্টি,1
ভাবিনি,1
নিহান,0
ক্রান্তি,1
কোয়েল,1
নাফিসা আয়মান,1
সেরেনা,1
রানী,1
আসআদ,0
তৌসিফ,0
সফিকুল হক,0
চারুলতা,1
আতহার,0
রূপসী,1
আনতারা সাবিহা,1
টগরি,1
আনবার উলফাত,1
এইলিন,1
ভায়া,1
শাকীল,0
গীতাঞ্জলি,1
আনতারা আনিসা,1
তাসলীম,0
আনতারা মুকাররামা,1
আলীরাজ,0
আতিয়া বিলকিস,1
মোহাম্মদ রফিক,0
আখিয়ার,0
অক্ষয়কুমার দত্ত,0
খালিদ,0
বাসিল,0
অজিতকুমার চক্রবর্তী,0
আজীব,0
আহবাব,0
হোপ,1
জসীম উদ্‌দীন,0
আমর,0
খোন্দকার আশরাফ হোসেন,0
মাহবুবা,1
মুজাফ্ফার,0
অনির্বাণ,0
ভাবনা,1
উসামা,0
শাম্মি,1
আতকিয়া আয়মান,1
চন্দ্ররানী,1
আবিদ উল্লাহ,0
আদম,0
এরফান,0
আফিয়া আজিজাহ,1
নাফিস,0
আসিফ মাসউদ,0
মুহম্মদ আসাদ্দর আলী,0
তাসফিয়া,1
নীলূফা,1
মুহম্মদ কবির,0
আফিয়া যয়নাব,1
ইয়েসির আরাফাত,0
আরজু,1
মনোমোহন বসু,0
আলাওয়াহ,0
রাগীব রহমত,0
জুহি,1
বানী,1
আতকিয়া ফাবলীহা,1
ঝুমা,1
বোরহান,0
রশীদ করীম,0
নভা,1
মোবারাকা,1
মাসূমা,1
জাবিরা,1
গুল,1
সারা,1